Datetime,Water Level (m)
2026-09-17 18:00:00,-0.19367483
2026-09-17 19:00:00,-0.08925376
2026-09-17 20:00:00,0.2666975
2026-09-17 21:00:00,0.46676996
2026-09-17 22:00:00,0.60899264
2026-09-17 23:00:00,0.7219472
2026-09-18 00:00:00,0.7758883
2026-09-18 01:00:00,0.7563716
2026-09-18 02:00:00,0.64929533
2026-09-18 03:00:00,0.5080518
2026-09-18 04:00:00,0.38832223
2026-09-18 05:00:00,0.2809412
2026-09-18 06:00:00,0.1899328
2026-09-18 07:00:00,0.14755492
2026-09-18 08:00:00,0.23572545
2026-09-18 09:00:00,0.44451964
2026-09-18 10:00:00,0.54337317
2026-09-18 11:00:00,0.56056
2026-09-18 12:00:00,0.5374261
2026-09-18 13:00:00,0.45382679
2026-09-18 14:00:00,0.34914592
2026-09-18 15:00:00,0.26031938
2026-09-18 16:00:00,0.19164324
2026-09-18 17:00:00,0.13881963
2026-09-18 18:00:00,0.0956735
2026-09-18 19:00:00,0.07655939
2026-09-18 20:00:00,0.13997082
2026-09-18 21:00:00,0.35287297
2026-09-18 22:00:00,0.5194256
2026-09-18 23:00:00,0.6142608
2026-09-19 00:00:00,0.68879676
2026-09-19 01:00:00,0.7287718
2026-09-19 02:00:00,0.69473815
2026-09-19 03:00:00,0.5862391
2026-09-19 04:00:00,0.48772585
2026-09-19 05:00:00,0.42241916
2026-09-19 06:00:00,0.37428734
2026-09-19 07:00:00,0.33494663
2026-09-19 08:00:00,0.30866453
2026-09-19 09:00:00,0.3091913
2026-09-19 10:00:00,0.31365043
2026-09-19 11:00:00,0.3318307
2026-09-19 12:00:00,0.37282088
2026-09-19 13:00:00,0.37896147
2026-09-19 14:00:00,0.34631765
2026-09-19 15:00:00,0.3070427
2026-09-19 16:00:00,0.2614212
2026-09-19 17:00:00,0.2095509
2026-09-19 18:00:00,0.16797389
2026-09-19 19:00:00,0.15067022
2026-09-19 20:00:00,0.17171697
2026-09-19 21:00:00,0.24181549
2026-09-19 22:00:00,0.37322137
2026-09-19 23:00:00,0.47981235
2026-09-20 00:00:00,0.55579746
2026-09-20 01:00:00,0.6343821
2026-09-20 02:00:00,0.69419247
2026-09-20 03:00:00,0.7101703
2026-09-20 04:00:00,0.69765997
2026-09-20 05:00:00,0.6488146
2026-09-20 06:00:00,0.5763178
2026-09-20 07:00:00,0.50606906
2026-09-20 08:00:00,0.43508652
2026-09-20 09:00:00,0.3600884
2026-09-20 10:00:00,0.28541246
2026-09-20 11:00:00,0.22573598
2026-09-20 12:00:00,0.21182112
2026-09-20 13:00:00,0.2696427
2026-09-20 14:00:00,0.3331026
2026-09-20 15:00:00,0.3507035
2026-09-20 16:00:00,0.37122035
2026-09-20 17:00:00,0.38730994
2026-09-20 18:00:00,0.35331517
2026-09-20 19:00:00,0.2924611
2026-09-20 20:00:00,0.24266338
2026-09-20 21:00:00,0.20845042
2026-09-20 22:00:00,0.20242004
2026-09-20 23:00:00,0.2445846
2026-09-21 00:00:00,0.36661488
2026-09-21 01:00:00,0.531223
2026-09-21 02:00:00,0.62919766
2026-09-21 03:00:00,0.6740608
2026-09-21 04:00:00,0.70047367
2026-09-21 05:00:00,0.7113298
2026-09-21 06:00:00,0.6823266
2026-09-21 07:00:00,0.590354
2026-09-21 08:00:00,0.49375972
2026-09-21 09:00:00,0.41174778
2026-09-21 10:00:00,0.33571365
2026-09-21 11:00:00,0.25925156
2026-09-21 12:00:00,0.19759667
2026-09-21 13:00:00,0.20823692
2026-09-21 14:00:00,0.36015058
2026-09-21 15:00:00,0.521353
2026-09-21 16:00:00,0.58106565
2026-09-21 17:00:00,0.5997998
2026-09-21 18:00:00,0.58685166
2026-09-21 19:00:00,0.5181752
2026-09-21 20:00:00,0.40757224
2026-09-21 21:00:00,0.30701438
2026-09-21 22:00:00,0.23458487
2026-09-21 23:00:00,0.18787722
2026-09-22 00:00:00,0.17994599
2026-09-22 01:00:00,0.29874846
2026-09-22 02:00:00,0.58583546
2026-09-22 03:00:00,0.7471685
2026-09-22 04:00:00,0.8176857
2026-09-22 05:00:00,0.8760843
2026-09-22 06:00:00,0.9068411
2026-09-22 07:00:00,0.8509442
2026-09-22 08:00:00,0.7048309
2026-09-22 09:00:00,0.5687761
2026-09-22 10:00:00,0.45524684
2026-09-22 11:00:00,0.3530682
2026-09-22 12:00:00,0.26075077
2026-09-22 13:00:00,0.20916887
2026-09-22 14:00:00,0.314825
2026-09-22 15:00:00,0.6401308
2026-09-22 16:00:00,0.82230854
2026-09-22 17:00:00,0.91017085
2026-09-22 18:00:00,0.95554364
2026-09-22 19:00:00,0.95112675
2026-09-22 20:00:00,0.827245
2026-09-22 21:00:00,0.6677332
2026-09-22 22:00:00,0.54977626
2026-09-22 23:00:00,0.45943132
2026-09-23 00:00:00,0.38235006
2026-09-23 01:00:00,0.35269737
2026-09-23 02:00:00,0.5700684
2026-09-23 03:00:00,0.95257944
2026-09-23 04:00:00,1.1148814
2026-09-23 05:00:00,1.2227266
2026-09-23 06:00:00,1.309392
2026-09-23 07:00:00,1.3361378
2026-09-23 08:00:00,1.237828
2026-09-23 09:00:00,1.08353
2026-09-23 10:00:00,0.9464542
2026-09-23 11:00:00,0.8080067
2026-09-23 12:00:00,0.674591
2026-09-23 13:00:00,0.5669281
2026-09-23 14:00:00,0.5463239
2026-09-23 15:00:00,0.8452093
2026-09-23 16:00:00,1.1745704
2026-09-23 17:00:00,1.3512117
2026-09-23 18:00:00,1.4630358
